"","Nombre","Equipo","Age","Pos","MP","G","FG2p","FG3p","FTp","ORB","DRB","AST","STL","BLK","TOV","PF","PTS","PER","tamanyo","PROB_PRED","TAM_PRED"
"1","Aaron Gordon","Denver Nuggets",25,"PF",650,25,0.61,0.27,0.7,38,80,56,17,14,30,40,254,16.39,"Big",0.3501,"Big"
"2","Aaron Gordon","Orlando Magic",25,"PF",737,25,0.48,0.38,0.63,39,127,105,16,20,67,49,364,17.97,"Big",0.3923,"Big"
"3","Aaron Holiday","Indiana Pacers",24,"PG",1176,66,0.41,0.37,0.82,15,74,123,46,13,66,94,475,12.15,"Small",0.9822,"Small"
"4","Aaron Nesmith","Boston Celtics",21,"SF",665,46,0.54,0.37,0.79,28,99,23,15,9,23,87,218,11.34,"Small",0.4779,"Big"
"5","Abdel Nader","Phoenix Suns",27,"SF",353,24,0.53,0.42,0.76,7,55,19,10,9,19,34,160,16.07,"Small",0.6848,"Small"
"7","Al Horford","Oklahoma City Thunder",34,"C",782,28,0.51,0.37,0.82,29,159,94,25,26,29,48,398,21.14,"Big",0.3194,"Big"
"10","Alec Burks","New York Knicks",29,"SG",1252,49,0.43,0.41,0.86,21,206,107,31,14,49,102,623,17.36,"Small",0.629,"Small"
"11","Aleksej Pokusevski","Oklahoma City Thunder",19,"PF",1087,45,0.4,0.28,0.74,30,182,97,20,42,99,58,367,8.5,"Big",0.193,"Big"
"13","Alex Caruso","Los Angeles Lakers",26,"PG",1219,58,0.46,0.4,0.64,31,139,160,64,15,76,108,370,13.27,"Small",0.983,"Small"
"15","Alex Len","Washington Wizards",27,"C",903,57,0.65,0.26,0.64,78,171,46,19,58,47,117,407,20.95,"Big",0.008,"Big"
"16","Alfonzo McKinnie","Los Angeles Lakers",28,"SF",258,39,0.59,0.41,0.56,22,32,6,7,0,5,26,122,18.21,"Small",0.5693,"Small"
"19","Amir Coffey","Los Angeles Clippers",23,"SG",393,44,0.47,0.41,0.71,10,34,22,10,0,15,30,140,11.95,"Small",0.7921,"Small"
"21","Andre Drummond","Cleveland Cavaliers",27,"C",721,25,0.48,0,0.6,101,236,64,40,29,81,69,437,24.38,"Big",0.0264,"Big"
"22","Andre Drummond","Los Angeles Lakers",27,"C",520,21,0.53,0,0.61,65,149,30,23,20,43,80,250,20.96,"Big",0.0404,"Big"
"23","Andre Iguodala","Miami Heat",37,"SF",1337,63,0.53,0.33,0.66,38,183,142,57,35,67,90,275,10.9,"Small",0.7559,"Small"
"25","Andrew Wiggins","Golden State Warriors",25,"PF",2365,71,0.53,0.38,0.71,82,265,167,67,70,126,159,1320,19.15,"Big",0.3444,"Big"
"26","Anfernee Simons","Portland Trail Blazers",21,"SG",1102,64,0.4,0.43,0.81,14,126,89,18,8,43,96,502,14.75,"Small",0.7401,"Small"
"27","Anthony Davis","Los Angeles Lakers",27,"PF",1161,36,0.54,0.26,0.74,62,224,110,45,59,74,60,785,26.28,"Big",0.0886,"Big"
"28","Anthony Edwards","Minnesota Timberwolves",19,"SG",2310,72,0.48,0.33,0.78,59,277,211,82,36,160,129,1392,18.15,"Small",0.9624,"Small"
"30","Anthony Lamb","Houston Rockets",25,"PF",414,24,0.49,0.32,0.86,27,43,23,6,5,19,34,133,10.88,"Big",0.525,"Small"
"33","Armoni Brooks","Houston Rockets",25,"PF",520,20,0.51,0.38,0.58,10,58,30,12,5,22,34,223,13.32,"Big",0.6594,"Small"
"34","Aron Baynes","Toronto Raptors",34,"C",979,53,0.53,0.26,0.71,87,186,47,17,23,46,119,324,12.7,"Big",0.0301,"Big"
"37","Austin Rivers","New York Knicks",28,"SG",440,21,0.52,0.36,0.71,5,42,42,12,0,22,32,154,11.33,"Small",0.7984,"Small"
"41","Bam Adebayo","Miami Heat",23,"C",2141,64,0.57,0.25,0.8,142,431,346,75,66,169,145,1197,26.42,"Big",0.0409,"Big"
"42","Ben McLemore","Houston Rockets",27,"SG",536,32,0.43,0.33,0.72,11,55,28,20,3,28,51,238,11.18,"Small",0.8325,"Small"
"43","Ben McLemore","Los Angeles Lakers",27,"SG",367,21,0.48,0.37,0.76,4,30,11,3,6,14,37,168,11.35,"Small",0.629,"Small"
"44","Ben Simmons","Philadelphia 76ers",24,"PG",1878,58,0.56,0.3,0.61,93,324,401,93,35,173,171,829,21.52,"Small",0.9367,"Small"
"45","Bismack Biyombo","Charlotte Hornets",28,"C",1349,66,0.59,0,0.45,137,210,81,17,74,71,141,331,13.46,"Big",2e-04,"Big"
"46","Blake Griffin","Brooklyn Nets",31,"PF",561,26,0.57,0.38,0.78,28,93,63,18,13,30,69,260,19.49,"Big",0.5563,"Small"
"47","Blake Griffin","Detroit Pistons",31,"PF",625,20,0.43,0.31,0.71,7,97,77,14,2,32,42,245,12.65,"Big",0.6628,"Small"
"48","Boban Marjanović","Dallas Mavericks",32,"C",271,33,0.54,0.12,0.82,47,81,10,2,6,12,29,156,25.52,"Big",0.0774,"Big"
"49","Bobby Portis","Milwaukee Bucks",25,"C",1370,66,0.54,0.47,0.74,124,342,71,52,26,56,115,754,24,"Big",0.0573,"Big"
"50","Bogdan Bogdanović","Atlanta Hawks",28,"SG",1306,44,0.52,0.44,0.91,20,140,147,49,13,54,99,720,20.74,"Small",0.9643,"Small"
"51","Bojan Bogdanović","Utah Jazz",31,"SF",2219,72,0.49,0.39,0.88,40,241,136,45,4,128,115,1225,16.97,"Small",0.9278,"Small"
"53","Brad Wanamaker","Charlotte Hornets",31,"PG",429,22,0.5,0.12,0.89,10,29,75,17,5,34,39,151,13.46,"Small",0.7464,"Small"
"54","Brad Wanamaker","Golden State Warriors",31,"PG",625,39,0.43,0.21,0.89,8,58,99,26,6,37,55,185,11.27,"Small",0.8745,"Small"
"55","Bradley Beal","Washington Wizards",27,"SG",2143,60,0.54,0.35,0.89,72,211,265,69,22,187,140,1878,28.78,"Small",0.9869,"Small"
"56","Brandon Clarke","Memphis Grizzlies",24,"PF",1413,59,0.56,0.26,0.69,97,231,95,60,51,33,84,610,20.61,"Big",0.0732,"Big"
"57","Brandon Goodwin","Atlanta Hawks",25,"PG",619,47,0.43,0.31,0.65,8,61,95,17,0,36,41,228,11.65,"Small",0.823,"Small"
"58","Brandon Ingram","New Orleans Pelicans",23,"SF",2088,61,0.51,0.38,0.88,34,265,296,42,36,154,124,1450,23.73,"Small",0.7583,"Small"
"60","Brodric Thomas","Cleveland Cavaliers",24,"SG",376,28,0.46,0.28,0.67,7,42,26,14,9,18,35,115,9.93,"Small",0.6434,"Small"
"62","Brook Lopez","Milwaukee Bucks",32,"C",1903,70,0.63,0.34,0.85,104,243,50,40,103,64,149,859,18.32,"Big",0.0024,"Big"
"63","Bruce Brown","Brooklyn Nets",24,"PG",1453,65,0.6,0.29,0.74,111,238,104,58,28,54,145,573,18.85,"Small",0.1933,"Big"
"65","Bruno Fernando","Atlanta Hawks",22,"C",228,33,0.43,0,0.68,16,62,10,4,3,21,23,51,7.81,"Big",0.166,"Big"
"66","Bryn Forbes","Milwaukee Bucks",27,"SG",1358,70,0.51,0.45,0.77,11,101,45,24,1,44,77,701,15.87,"Small",0.8994,"Small"
"67","Buddy Hield","Sacramento Kings",28,"SG",2439,71,0.45,0.39,0.85,29,305,257,63,30,130,175,1176,16,"Small",0.9025,"Small"
"69","CJ McCollum","Portland Trail Blazers",29,"SG",1602,47,0.51,0.4,0.81,30,155,223,44,21,65,87,1087,24.16,"Small",0.883,"Small"
"70","Caleb Martin","Charlotte Hornets",25,"SF",820,53,0.5,0.25,0.64,31,110,67,37,12,33,62,264,11.97,"Small",0.6946,"Small"
"71","Cam Reddish","Atlanta Hawks",21,"SF",749,26,0.46,0.26,0.82,22,82,35,33,9,34,68,292,11.56,"Small",0.8336,"Small"
"72","Cameron Johnson","Phoenix Suns",24,"PF",1437,60,0.58,0.35,0.85,33,166,86,37,16,40,85,573,14.2,"Big",0.6409,"Small"
"74","Cameron Payne","Phoenix Suns",26,"PG",1077,60,0.52,0.44,0.89,16,128,217,36,16,60,97,505,20.53,"Small",0.9275,"Small"
"78","Caris LeVert","Indiana Pacers",26,"SG",1154,35,0.5,0.32,0.82,23,139,173,53,24,76,85,726,22.06,"Small",0.9427,"Small"
"79","Carmelo Anthony","Portland Trail Blazers",36,"PF",1690,69,0.43,0.41,0.89,32,182,104,46,38,61,144,924,17.26,"Big",0.7116,"Small"
"80","Carsen Edwards","Boston Celtics",22,"SG",274,31,0.6,0.29,0.85,3,23,14,7,1,7,25,123,12.73,"Small",0.6784,"Small"
"83","Cedi Osman","Cleveland Cavaliers",25,"SF",1511,59,0.46,0.31,0.8,38,163,174,53,9,80,119,613,12.91,"Small",0.9465,"Small"
"87","Chasson Randle","Orlando Magic",27,"G",839,41,0.45,0.34,0.79,7,75,74,22,5,46,64,266,9.33,"Small",0.8795,"Small"
"88","Chimezie Metu","Sacramento Kings",23,"C",490,36,0.55,0.35,0.72,31,81,28,14,18,29,59,226,17.38,"Big",0.3757,"Big"
"89","Chris Boucher","Toronto Raptors",28,"C",1454,60,0.61,0.38,0.79,117,287,63,35,111,46,166,818,25.4,"Big",3e-04,"Big"
"90","Chris Chiozza","Brooklyn Nets",25,"PG",233,22,0.39,0.31,0.76,3,21,65,7,6,16,19,88,16.03,"Small",0.7201,"Small"
"91","Chris Paul","Phoenix Suns",35,"PG",2200,70,0.54,0.4,0.93,25,287,622,99,19,156,166,1149,25.01,"Small",0.9992,"Small"
"94","Christian Wood","Houston Rockets",25,"C",1326,41,0.58,0.37,0.63,76,319,71,34,48,80,88,860,24.49,"Big",0.0168,"Big"
"95","Chuma Okeke","Orlando Magic",22,"PF",1133,45,0.47,0.35,0.75,42,139,101,48,22,38,48,349,13.86,"Big",0.7869,"Small"
"96","Clint Capela","Atlanta Hawks",26,"C",1901,63,0.59,0,0.57,297,606,49,44,129,73,145,956,27.26,"Big",0,"Big"
"97","Coby White","Chicago Bulls",20,"PG",2157,69,0.47,0.36,0.9,28,256,328,38,15,156,179,1041,15.35,"Small",0.9005,"Small"
"98","Cody Martin","Charlotte Hornets",25,"SF",849,52,0.52,0.28,0.58,52,109,86,37,12,40,52,207,12.59,"Small",0.626,"Small"
"99","Cody Zeller","Charlotte Hornets",28,"C",1004,48,0.6,0.14,0.71,119,209,86,27,17,51,121,451,21.38,"Big",0.019,"Big"
"100","Cole Anthony","Orlando Magic",20,"PG",1270,47,0.42,0.34,0.83,38,183,192,30,18,106,98,605,15.11,"Small",0.732,"Small"
"101","Collin Sexton","Cleveland Cavaliers",22,"SG",2113,60,0.51,0.37,0.81,58,129,262,62,10,167,157,1460,21.73,"Small",0.9961,"Small"
"102","Cory Joseph","Detroit Pistons",29,"PG",502,19,0.54,0.37,0.88,10,50,105,22,9,35,41,228,20.44,"Small",0.8912,"Small"
"103","Cory Joseph","Sacramento Kings",29,"PG",942,44,0.51,0.33,0.77,25,74,108,39,9,44,98,289,12.07,"Small",0.9318,"Small"
"105","D'Angelo Russell","Minnesota Timberwolves",24,"PG",1197,42,0.47,0.39,0.77,16,95,244,45,18,112,68,796,22.44,"Small",0.9868,"Small"
"106","D.J. Augustin","Houston Rockets",33,"PG",417,20,0.48,0.39,0.91,9,35,78,8,0,31,23,211,19.14,"Small",0.8528,"Small"
"107","D.J. Augustin","Milwaukee Bucks",33,"PG",712,37,0.35,0.38,0.9,11,39,110,20,1,34,33,227,12.69,"Small",0.9397,"Small"
"108","D.J. Wilson","Houston Rockets",24,"PF",332,23,0.48,0.34,0.7,17,70,20,10,12,18,31,140,15.5,"Big",0.438,"Big"
"116","Damian Lillard","Portland Trail Blazers",30,"PG",2397,67,0.52,0.39,0.93,32,251,505,62,17,203,102,1928,29.77,"Small",0.9948,"Small"
"117","Damion Lee","Golden State Warriors",28,"SG",1081,57,0.64,0.4,0.91,22,158,73,38,8,30,89,373,14.79,"Small",0.8156,"Small"
"118","Damyean Dotson","Cleveland Cavaliers",26,"SG",910,46,0.54,0.29,0.67,5,88,91,16,4,42,42,308,10.27,"Small",0.7017,"Small"
"119","Daniel Gafford","Chicago Bulls",22,"PF",389,31,0.69,0,0.66,44,59,17,11,34,22,54,147,20.76,"Big",0.0295,"Big"
"120","Daniel Gafford","Washington Wizards",22,"PF",409,23,0.68,0,0.67,50,78,12,15,41,19,44,233,29.77,"Big",0.0184,"Big"
"122","Daniel Theis","Boston Celtics",28,"C",1024,42,0.65,0.35,0.69,54,166,67,25,43,41,120,397,17.27,"Big",0.0724,"Big"
"123","Daniel Theis","Chicago Bulls",28,"C",574,23,0.64,0.28,0.65,39,97,41,16,14,25,47,230,17.65,"Big",0.2404,"Big"
"124","Danilo Gallinari","Atlanta Hawks",32,"PF",1218,51,0.47,0.41,0.93,17,194,76,30,10,43,105,676,19.55,"Big",0.696,"Small"
"125","Danny Green","Philadelphia 76ers",33,"SF",1934,69,0.44,0.41,0.78,55,205,118,92,56,67,125,654,14.32,"Small",0.9417,"Small"
"127","Danuel House Jr.","Houston Rockets",25,"PF",933,36,0.48,0.35,0.65,18,114,69,20,16,36,67,315,11.54,"Big",0.5125,"Small"
"128","Dario Šarić","Phoenix Suns",26,"PF",868,50,0.51,0.35,0.85,46,144,65,30,4,57,95,437,17.34,"Big",0.7286,"Small"
"129","Darius Bazley","Oklahoma City Thunder",20,"PF",1716,55,0.47,0.29,0.7,51,345,99,29,25,122,60,754,12.61,"Big",0.0795,"Big"
"130","Darius Garland","Cleveland Cavaliers",21,"PG",1788,54,0.48,0.39,0.85,23,106,329,66,6,164,110,941,17.38,"Small",0.9994,"Small"
"132","David Nwaba","Houston Rockets",28,"SF",677,30,0.57,0.27,0.69,40,78,31,30,21,17,60,276,17.22,"Small",0.4545,"Big"
"133","De'Aaron Fox","Sacramento Kings",23,"PG",2037,58,0.54,0.32,0.72,33,170,417,87,27,174,170,1461,25.24,"Small",0.9987,"Small"
"134","De'Andre Hunter","Atlanta Hawks",23,"SF",678,23,0.58,0.33,0.86,17,93,44,19,12,29,59,344,18.52,"Small",0.6125,"Small"
"135","De'Anthony Melton","Memphis Grizzlies",22,"PG",1043,52,0.47,0.41,0.8,30,131,132,60,31,66,85,472,18.65,"Small",0.9584,"Small"
"136","DeAndre Jordan","Brooklyn Nets",32,"C",1244,57,0.77,0,0.5,117,310,93,17,65,85,116,426,19.7,"Big",1e-04,"Big"
"137","DeAndre' Bembry","Toronto Raptors",26,"SF",976,51,0.59,0.26,0.68,33,113,107,53,18,71,87,293,13.34,"Small",0.9232,"Small"
"138","DeMar DeRozan","San Antonio Spurs",31,"PF",2056,61,0.52,0.26,0.88,40,219,422,56,15,119,128,1316,25.94,"Big",0.9442,"Small"
"139","DeMarcus Cousins","Houston Rockets",30,"C",507,25,0.43,0.34,0.75,30,161,60,21,18,39,74,241,18.78,"Big",0.3203,"Big"
"141","Dean Wade","Cleveland Cavaliers",24,"PF",1214,63,0.57,0.37,0.77,38,177,74,35,21,30,78,376,13.38,"Big",0.4175,"Big"
"142","Deandre Ayton","Phoenix Suns",22,"C",2116,69,0.64,0.2,0.77,228,499,99,41,81,103,196,997,23,"Big",0,"Big"
"144","Dejounte Murray","San Antonio Spurs",24,"PG",2140,67,0.49,0.32,0.79,58,415,363,101,7,117,135,1051,19.96,"Small",0.9723,"Small"
"145","Delon Wright","Detroit Pistons",28,"SG",1052,36,0.51,0.35,0.79,37,127,181,58,19,48,45,374,19.19,"Small",0.9464,"Small"
"146","Delon Wright","Sacramento Kings",28,"SG",699,27,0.5,0.4,0.83,28,77,97,43,11,35,30,271,18.78,"Small",0.9506,"Small"
"147","Deni Avdija","Washington Wizards",20,"SF",1260,54,0.53,0.32,0.64,22,240,63,32,15,33,140,342,9.94,"Small",0.2368,"Big"
"148","Dennis Schröder","Los Angeles Lakers",27,"SG",1958,61,0.48,0.33,0.85,30,181,351,70,13,163,159,942,16.91,"Small",0.9972,"Small"
"149","Dennis Smith Jr.","Detroit Pistons",23,"G",393,20,0.46,0.35,0.7,12,41,74,20,14,25,33,145,16.76,"Small",0.7821,"Small"
"151","Denzel Valentine","Chicago Bulls",27,"SG",1038,62,0.43,0.33,0.94,24,173,105,30,7,42,70,406,13.01,"Small",0.6985,"Small"
"152","Derrick Favors","Utah Jazz",29,"C",1036,68,0.64,0,0.74,138,238,44,32,68,36,143,369,21.85,"Big",4e-04,"Big"
"153","Derrick Jones Jr.","Portland Trail Blazers",23,"SF",1318,58,0.62,0.32,0.65,77,128,47,37,54,32,127,396,13.32,"Small",0.078,"Big"
"155","Derrick Rose","New York Knicks",32,"G",937,35,0.51,0.41,0.88,14,87,146,31,15,49,39,521,21.39,"Small",0.9178,"Small"
"156","Derrick White","San Antonio Spurs",26,"SG",1063,36,0.49,0.35,0.85,13,94,127,26,36,45,91,553,18.05,"Small",0.6209,"Small"
"157","Desmond Bane","Memphis Grizzlies",22,"SG",1520,68,0.51,0.43,0.82,31,179,118,41,16,59,125,625,15.08,"Small",0.8238,"Small"
"158","Devin Booker","Phoenix Suns",24,"SG",2271,67,0.54,0.34,0.87,34,247,289,53,16,207,181,1712,23.39,"Small",0.9826,"Small"
"160","Devin Vassell","San Antonio Spurs",20,"SF",1058,62,0.46,0.35,0.84,24,150,56,43,18,22,88,341,12.73,"Small",0.7606,"Small"
"163","Devonte' Graham","Charlotte Hornets",25,"PG",1659,55,0.38,0.38,0.84,22,126,295,48,6,84,77,816,18.21,"Small",0.986,"Small"
"166","Dillon Brooks","Memphis Grizzlies",25,"SF",1997,67,0.46,0.34,0.82,53,143,157,78,26,119,237,1151,15.7,"Small",0.9922,"Small"
"167","Domantas Sabonis","Indiana Pacers",24,"PF",2231,62,0.58,0.32,0.73,150,592,415,76,33,213,203,1260,25.41,"Big",0.0515,"Big"
"168","Donovan Mitchell","Utah Jazz",24,"SG",1771,53,0.48,0.39,0.84,50,185,277,52,15,147,117,1401,25.7,"Small",0.9749,"Small"
"170","Donte DiVincenzo","Milwaukee Bucks",24,"SG",1814,66,0.47,0.38,0.72,81,299,203,72,15,91,112,688,16.01,"Small",0.8158,"Small"
"171","Dorian Finney-Smith","Dallas Mavericks",27,"PF",1921,60,0.62,0.39,0.76,98,228,102,52,25,48,138,590,13.65,"Big",0.2773,"Big"
"172","Doug McDermott","Indiana Pacers",29,"PF",1617,66,0.64,0.39,0.82,60,161,85,20,6,53,117,899,19.46,"Big",0.3649,"Big"
"173","Draymond Green","Golden State Warriors",30,"PF",1981,63,0.54,0.27,0.8,55,394,558,105,52,188,194,444,16.45,"Big",0.966,"Small"
"174","Drew Eubanks","San Antonio Spurs",23,"C",757,54,0.56,1,0.73,74,167,42,18,49,45,88,311,20.31,"Big",0.316,"Big"
"175","Duncan Robinson","Miami Heat",26,"SF",2261,72,0.62,0.41,0.83,7,243,127,43,20,81,181,942,13.61,"Small",0.7943,"Small"
"176","Dwayne Bacon","Orlando Magic",25,"SG",1854,72,0.45,0.29,0.82,31,193,93,45,5,46,103,788,12.38,"Small",0.7957,"Small"
"177","Dwight Howard","Philadelphia 76ers",35,"C",1190,69,0.61,0.25,0.58,190,390,61,30,62,112,200,482,20.51,"Big",1e-04,"Big"
"178","Dwight Powell","Dallas Mavericks",29,"C",965,58,0.66,0.24,0.78,80,154,63,36,30,40,135,342,18.54,"Big",0.135,"Big"
"179","Dylan Windler","Cleveland Cavaliers",24,"SF",515,31,0.58,0.34,0.78,20,87,33,19,12,32,37,161,12.79,"Small",0.6084,"Small"
"180","Dāvis Bertāns","Washington Wizards",28,"PF",1460,57,0.48,0.39,0.87,18,150,49,33,13,33,136,655,14.61,"Big",0.7575,"Small"
"181","E'Twaun Moore","Phoenix Suns",31,"SG",389,27,0.51,0.31,0.86,14,31,40,15,5,23,32,133,12.43,"Small",0.7932,"Small"
"182","Ed Davis","Minnesota Timberwolves",31,"C",298,23,0.43,0,0.83,46,69,21,13,13,7,56,48,15.09,"Big",0.0977,"Big"
"183","Edmond Sumner","Indiana Pacers",25,"SG",859,53,0.58,0.4,0.82,18,76,49,33,10,51,88,399,15.82,"Small",0.9298,"Small"
"184","Elfrid Payton","New York Knicks",26,"PG",1486,63,0.46,0.29,0.68,64,152,203,47,9,103,116,639,13.85,"Small",0.8936,"Small"
"187","Enes Freedom","Portland Trail Blazers",25,"PF",1760,72,0.61,0.25,0.77,284,511,84,33,48,78,168,806,24.89,"Big",0,"Big"
"188","Eric Bledsoe","New Orleans Pelicans",31,"SG",2108,71,0.5,0.34,0.69,29,215,268,55,24,114,112,869,14.49,"Small",0.9181,"Small"
"189","Eric Gordon","Houston Rockets",32,"SG",790,27,0.57,0.33,0.82,8,50,71,14,13,51,44,481,18.17,"Small",0.7779,"Small"
"190","Eric Paschall","Golden State Warriors",24,"PF",697,40,0.53,0.33,0.71,28,100,51,12,7,43,68,381,17.41,"Big",0.468,"Big"
"193","Evan Fournier","Orlando Magic",28,"SF",786,26,0.54,0.39,0.8,5,70,95,27,9,54,55,511,21.81,"Small",0.9331,"Small"
"194","Facundo Campazzo","Denver Nuggets",29,"PG",1424,65,0.44,0.35,0.88,22,112,232,79,14,73,132,396,13.54,"Small",0.9978,"Small"
"195","Frank Jackson","Detroit Pistons",22,"PG",739,40,0.51,0.41,0.81,15,71,36,15,1,34,53,390,16.24,"Small",0.8174,"Small"
"196","Frank Kaminsky","Phoenix Suns",27,"C",716,47,0.52,0.36,0.62,36,152,79,14,17,22,70,310,18.66,"Big",0.1462,"Big"
"198","Frank Ntilikina","New York Knicks",22,"PG",320,33,0.19,0.48,0.44,6,25,19,18,4,11,45,89,9.12,"Small",0.8953,"Small"
"199","Fred VanVleet","Toronto Raptors",26,"SG",1902,52,0.42,0.37,0.88,32,188,328,87,37,95,119,1019,20.52,"Small",0.9927,"Small"
"200","Freddie Gillespie","Toronto Raptors",25,"PF",394,20,0.52,0,0.7,42,55,9,13,20,12,43,111,15.11,"Big",0.0771,"Big"
"201","Furkan Korkmaz","Philadelphia 76ers",23,"SG",1061,55,0.45,0.38,0.73,17,96,82,49,9,46,64,501,15.63,"Small",0.9711,"Small"
"202","Gabe Vincent","Miami Heat",24,"PG",659,50,0.5,0.31,0.87,10,46,67,21,2,34,79,242,9.94,"Small",0.8924,"Small"
"204","Garrett Temple","Chicago Bulls",34,"SG",1528,56,0.5,0.34,0.8,29,131,124,43,30,58,126,423,10.17,"Small",0.7915,"Small"
"205","Garrison Mathews","Washington Wizards",24,"SG",1037,64,0.54,0.38,0.88,16,71,26,29,7,10,106,354,12.1,"Small",0.8564,"Small"
"207","Gary Clark","Orlando Magic",26,"SF",637,35,0.39,0.29,0.8,33,79,30,12,7,17,34,119,7.42,"Small",0.4158,"Big"
"209","Gary Harris","Denver Nuggets",26,"SG",583,19,0.56,0.32,0.73,13,34,32,17,4,14,37,184,11.03,"Small",0.7602,"Small"
"210","Gary Harris","Orlando Magic",26,"SG",499,20,0.37,0.36,0.88,8,24,46,11,7,23,34,204,11.26,"Small",0.8298,"Small"
"212","Gary Trent Jr.","Portland Trail Blazers",22,"SG",1265,41,0.44,0.4,0.77,21,70,58,37,6,31,63,613,14.7,"Small",0.9448,"Small"
"216","Georges Niang","Utah Jazz",27,"PF",1151,72,0.47,0.42,0.96,28,148,59,25,8,51,116,500,13.85,"Big",0.7615,"Small"
"217","Giannis Antetokounmpo","Milwaukee Bucks",26,"PF",2011,61,0.64,0.3,0.69,97,574,357,72,73,207,168,1717,35.29,"Big",0.0164,"Big"
"218","Glenn Robinson III","Sacramento Kings",27,"SF",372,23,0.47,0.36,0.91,11,34,20,4,3,11,23,121,11.06,"Small",0.6634,"Small"
"219","Goga Bitadze","Indiana Pacers",21,"C",563,45,0.55,0.25,0.74,60,90,37,9,60,17,94,231,19.3,"Big",0.0115,"Big"
"220","Goran Dragić","Miami Heat",34,"PG",1337,50,0.48,0.37,0.83,25,144,219,33,8,118,113,672,16.29,"Small",0.9508,"Small"
"221","Gordon Hayward","Charlotte Hornets",30,"SF",1496,44,0.5,0.41,0.84,37,221,181,52,14,91,74,863,21.66,"Small",0.9159,"Small"
"222","Gorgui Dieng","Memphis Grizzlies",31,"C",373,22,0.55,0.48,0.88,28,70,29,17,14,22,38,173,22.53,"Big",0.7041,"Small"
"225","Grant Williams","Boston Celtics",22,"PF",1138,63,0.51,0.37,0.59,48,130,64,32,24,56,161,294,8.96,"Big",0.4994,"Big"
"226","Grayson Allen","Memphis Grizzlies",25,"SG",1256,50,0.47,0.39,0.87,19,141,108,46,8,48,71,532,15.9,"Small",0.9485,"Small"
"228","Hamidou Diallo","Detroit Pistons",22,"SG",464,20,0.49,0.39,0.66,22,85,24,10,12,27,51,223,16.06,"Small",0.4342,"Big"
"229","Hamidou Diallo","Oklahoma City Thunder",22,"SG",762,32,0.51,0.29,0.63,37,128,77,31,12,49,83,381,18.18,"Small",0.5966,"Small"
"230","Harrison Barnes","Sacramento Kings",28,"PF",2100,58,0.57,0.39,0.83,64,321,201,43,11,93,75,933,18.52,"Big",0.3929,"Big"
"231","Harry Giles","Portland Trail Blazers",22,"C",346,38,0.46,0.35,0.59,31,102,29,8,13,20,54,108,14.6,"Big",0.211,"Big"
"232","Hassan Whiteside","Sacramento Kings",31,"C",549,36,0.57,0,0.52,61,154,20,9,46,40,73,293,22.53,"Big",0.003,"Big"
"238","Immanuel Quickley","New York Knicks",21,"PG",1243,64,0.4,0.39,0.89,25,112,127,30,12,58,114,731,18.45,"Small",0.8839,"Small"
"239","Isaac Bonga","Washington Wizards",21,"SF",428,40,0.5,0.28,0.62,18,48,23,11,9,22,63,78,5.4,"Small",0.4872,"Big"
"240","Isaac Okoro","Cleveland Cavaliers",20,"SG",2172,67,0.5,0.29,0.73,68,138,128,62,24,86,185,646,9.57,"Small",0.9106,"Small"
"242","Isaiah Hartenstein","Denver Nuggets",22,"C",275,30,0.51,0,0.61,40,45,15,11,20,21,59,104,17.18,"Big",0.0834,"Big"
"243","Isaiah Joe","Philadelphia 76ers",21,"SG",383,41,0.33,0.37,0.75,6,30,20,12,4,11,34,153,11.83,"Small",0.8034,"Small"
"244","Isaiah Roby","Oklahoma City Thunder",22,"PF",1428,61,0.55,0.29,0.74,89,252,107,52,37,113,162,533,14.35,"Big",0.2901,"Big"
"245","Isaiah Stewart","Detroit Pistons",19,"C",1457,68,0.59,0.33,0.7,159,294,59,39,86,67,184,537,18.58,"Big",6e-04,"Big"
"247","Ish Smith","Washington Wizards",32,"PG",921,44,0.45,0.37,0.58,22,128,172,32,13,41,62,295,14.88,"Small",0.7528,"Small"
"248","Ivica Zubac","Los Angeles Clippers",23,"C",1608,72,0.66,0.25,0.79,189,330,90,24,62,81,187,650,21.08,"Big",2e-04,"Big"
"250","J.J. Redick","New Orleans Pelicans",36,"SG",576,31,0.49,0.36,0.96,3,49,40,9,2,25,37,270,13.91,"Small",0.8082,"Small"
"251","Ja Morant","Memphis Grizzlies",21,"PG",2054,63,0.5,0.3,0.73,59,193,465,57,13,203,87,1204,21.01,"Small",0.9893,"Small"
"252","JaKarr Sampson","Indiana Pacers",27,"PF",315,29,0.54,0.2,0.66,27,50,4,2,14,15,52,134,13.68,"Big",0.1457,"Big"
"253","JaMychal Green","Denver Nuggets",30,"PF",1120,58,0.53,0.4,0.81,85,192,53,26,22,53,144,471,16.01,"Big",0.1397,"Big"
"254","JaVale McGee","Cleveland Cavaliers",33,"C",501,33,0.55,0.25,0.65,54,116,33,16,40,45,80,265,21.45,"Big",0.0594,"Big"
"258","Jaden McDaniels","Minnesota Timberwolves",20,"PF",1512,63,0.54,0.36,0.6,52,180,71,35,60,47,172,427,11.02,"Big",0.0689,"Big"
"259","Jae Crowder","Phoenix Suns",30,"PF",1652,60,0.46,0.39,0.76,32,250,127,48,27,55,125,603,14.2,"Big",0.5504,"Small"
"260","Jae'Sean Tate","Houston Rockets",25,"SF",2039,70,0.6,0.31,0.69,132,242,178,85,36,98,222,794,16.59,"Small",0.6726,"Small"
"261","Jahlil Okafor","Detroit Pistons",25,"C",344,27,0.66,0.22,0.71,23,43,13,6,5,21,39,145,15.54,"Big",0.3452,"Big"
"263","Jake Layman","Minnesota Timberwolves",26,"SF",625,45,0.64,0.29,0.7,13,54,28,29,19,26,44,231,14.06,"Small",0.7368,"Small"
"264","Jakob Poeltl","San Antonio Spurs",25,"C",1848,69,0.62,0,0.51,219,328,134,47,123,83,172,593,19.48,"Big",0,"Big"
"265","Jalen Brunson","Dallas Mavericks",24,"PG",1698,68,0.58,0.41,0.79,27,204,239,35,1,80,109,857,19.87,"Small",0.8665,"Small"
"268","Jalen McDaniels","Charlotte Hornets",23,"SF",905,47,0.55,0.33,0.7,45,124,53,28,19,45,95,346,14,"Small",0.4519,"Big"
"270","Jamal Murray","Denver Nuggets",23,"PG",1704,48,0.52,0.41,0.87,37,157,231,64,13,108,95,1018,21.73,"Small",0.9915,"Small"
"271","James Ennis III","Orlando Magic",25,"PF",985,41,0.5,0.43,0.8,43,123,62,32,7,36,84,345,14.61,"Big",0.7839,"Small"
"272","James Harden","Brooklyn Nets",31,"SG",1318,36,0.55,0.37,0.86,30,277,392,46,27,143,85,885,30.17,"Small",0.8376,"Small"
"274","James Johnson","Dallas Mavericks",33,"PF",504,29,0.61,0.25,0.59,14,72,50,24,23,27,59,166,14.08,"Big",0.4679,"Big"
"275","James Johnson","New Orleans Pelicans",33,"PF",539,22,0.52,0.27,0.6,18,73,48,18,19,28,61,202,13.19,"Big",0.424,"Big"
"277","James Wiseman","Golden State Warriors",19,"C",836,39,0.54,0.32,0.63,55,171,26,11,36,60,121,448,17.04,"Big",0.0376,"Big"
"281","Jarred Vanderbilt","Minnesota Timberwolves",21,"PF",1141,64,0.61,0.2,0.56,118,250,76,64,46,53,123,344,19,"Big",0.0508,"Big"
"284","Jarrett Allen","Cleveland Cavaliers",22,"C",1546,51,0.62,0.32,0.69,158,348,86,25,71,78,75,672,22.41,"Big",2e-04,"Big"
"285","Jarrett Culver","Minnesota Timberwolves",21,"SG",501,34,0.49,0.25,0.6,34,70,24,17,9,28,58,180,11.29,"Small",0.4209,"Big"
"286","Javonte Green","Boston Celtics",27,"SG",342,25,0.65,0.32,0.67,20,32,11,18,2,13,32,105,13.53,"Small",0.7237,"Small"
"288","Jaxson Hayes","New Orleans Pelicans",20,"C",961,60,0.64,0.43,0.78,92,165,35,25,38,39,101,449,22.15,"Big",0.0591,"Big"
"291","Jaylen Brown","Boston Celtics",24,"SG",2001,58,0.54,0.4,0.76,71,276,195,72,32,158,168,1430,23.64,"Small",0.926,"Small"
"292","Jaylen Hoard","Oklahoma City Thunder",25,"PF",318,19,0.57,0,0.68,21,44,24,13,5,17,19,116,15.92,"Big",0.2603,"Big"
"293","Jaylen Nowell","Minnesota Timberwolves",21,"SG",759,42,0.5,0.33,0.82,19,76,62,22,12,28,72,379,15.88,"Small",0.7184,"Small"
"294","Jayson Tatum","Boston Celtics",22,"SF",2290,64,0.5,0.39,0.87,50,422,276,75,31,171,122,1692,25.46,"Small",0.8406,"Small"
"295","Jeff Green","Brooklyn Nets",34,"PF",1839,68,0.56,0.41,0.78,34,229,108,36,27,54,122,750,15.65,"Big",0.3702,"Big"
"296","Jeff Teague","Boston Celtics",32,"PG",616,34,0.39,0.46,0.84,10,47,73,26,7,39,43,233,13.59,"Small",0.9571,"Small"
"297","Jeff Teague","Milwaukee Bucks",32,"PG",335,21,0.5,0.38,0.86,5,26,59,8,5,25,13,138,17.09,"Small",0.8114,"Small"
"298","Jerami Grant","Detroit Pistons",26,"SF",1829,54,0.47,0.35,0.85,35,215,152,35,58,109,125,1205,20.74,"Small",0.2771,"Big"
"300","Jeremy Lamb","Indiana Pacers",28,"SG",763,36,0.46,0.41,0.95,25,106,53,34,23,22,72,363,19.42,"Small",0.7764,"Small"
"302","Jevon Carter","Phoenix Suns",25,"PG",715,60,0.53,0.37,0.57,16,76,71,29,9,16,56,248,14.47,"Small",0.7834,"Small"
"303","Jimmy Butler","Miami Heat",31,"SF",1745,52,0.54,0.25,0.86,94,265,369,108,18,109,71,1116,30.78,"Small",0.9895,"Small"
"304","Joe Harris","Brooklyn Nets",29,"SF",2140,69,0.56,0.48,0.78,43,205,130,46,14,62,141,974,16.99,"Small",0.8257,"Small"
"305","Joe Ingles","Utah Jazz",33,"SF",1867,67,0.59,0.45,0.84,27,217,318,45,12,117,120,809,18.71,"Small",0.9514,"Small"
"306","Joel Embiid","Philadelphia 76ers",26,"C",1590,51,0.54,0.38,0.86,113,426,145,50,69,159,123,1451,35.47,"Big",0.0133,"Big"
"307","John Collins","Atlanta Hawks",23,"PF",1844,63,0.61,0.4,0.83,118,349,78,34,63,84,193,1111,23.83,"Big",0.0031,"Big"
"308","John Konchar","Memphis Grizzlies",24,"SG",578,43,0.59,0.38,0.83,35,93,47,30,9,18,40,184,17.41,"Small",0.7379,"Small"
"309","John Wall","Houston Rockets",30,"PG",1288,40,0.45,0.32,0.75,17,112,275,42,31,141,46,823,19.85,"Small",0.9677,"Small"
"310","Jonas Valančiūnas","Memphis Grizzlies",28,"C",1757,62,0.61,0.37,0.77,253,523,112,35,57,100,179,1058,28.79,"Big",0,"Big"
"315","Jordan Clarkson","Utah Jazz",28,"SG",1816,68,0.52,0.35,0.9,47,227,168,61,10,115,110,1251,21.01,"Small",0.9611,"Small"
"316","Jordan McLaughlin","Minnesota Timberwolves",24,"PG",942,51,0.45,0.36,0.77,21,87,193,51,6,51,44,256,14.8,"Small",0.9834,"Small"
"317","Jordan Nwora","Milwaukee Bucks",22,"SF",274,30,0.47,0.45,0.76,9,51,7,16,7,24,22,171,20.06,"Small",0.8383,"Small"
"318","Jordan Poole","Golden State Warriors",21,"SG",987,51,0.55,0.35,0.88,15,77,99,26,9,51,86,612,19.66,"Small",0.89,"Small"
"319","Josh Green","Dallas Mavericks",20,"SG",447,39,0.56,0.16,0.57,28,50,28,16,3,17,35,101,10.05,"Small",0.4048,"Big"
"320","Josh Hall","Oklahoma City Thunder",20,"SF",336,21,0.42,0.11,0.5,6,53,28,4,1,25,37,86,2.76,"Small",0.3086,"Big"
"321","Josh Hart","New Orleans Pelicans",25,"SF",1351,47,0.58,0.33,0.78,53,324,109,38,12,49,111,434,14.87,"Small",0.1228,"Big"
"322","Josh Jackson","Detroit Pistons",23,"SG",1562,62,0.49,0.3,0.73,57,197,143,53,47,142,178,828,15.14,"Small",0.7211,"Small"
"323","Josh Okogie","Minnesota Timberwolves",22,"SG",1196,59,0.5,0.27,0.77,63,93,63,54,28,43,123,316,11.11,"Small",0.7945,"Small"
"324","Josh Richardson","Dallas Mavericks",27,"SG",1787,59,0.5,0.33,0.92,51,144,153,61,24,79,130,715,13.98,"Small",0.9492,"Small"
"325","Jrue Holiday","Milwaukee Bucks",30,"PG",1905,59,0.56,0.39,0.79,73,195,357,96,37,127,98,1046,24.1,"Small",0.9933,"Small"
"326","Juan Toscano-Anderson","Golden State Warriors",27,"SG",1108,53,0.72,0.4,0.71,29,205,150,41,26,61,111,301,15.43,"Small",0.5653,"Small"
"327","Juancho Hernangómez","Minnesota Timberwolves",25,"PF",899,52,0.57,0.33,0.62,45,160,35,19,7,27,52,375,15.28,"Big",0.2047,"Big"
"328","Julius Randle","New York Knicks",26,"PF",2666,71,0.47,0.41,0.81,84,639,427,64,18,241,225,1712,22.99,"Big",0.2528,"Big"
"329","Justin Holiday","Indiana Pacers",31,"SG",2181,72,0.49,0.38,0.79,32,224,119,74,41,54,135,756,13.09,"Small",0.873,"Small"
"331","Justin Jackson","Oklahoma City Thunder",25,"SF",544,33,0.51,0.31,0.86,14,57,51,15,2,31,31,236,13.52,"Small",0.7806,"Small"
"332","Justin James","Sacramento Kings",24,"SF",313,36,0.52,0.37,0.58,9,21,22,8,3,15,23,139,13.84,"Small",0.6932,"Small"
"335","Justise Winslow","Memphis Grizzlies",25,"PF",511,26,0.41,0.19,0.57,18,100,50,15,12,37,47,178,8.94,"Big",0.327,"Big"
"336","Jusuf Nurkić","Portland Trail Blazers",26,"C",881,37,0.52,0.4,0.62,86,246,125,38,39,73,103,424,23.35,"Big",0.089,"Big"
"338","KZ Okpala","Miami Heat",21,"PF",443,37,0.52,0.24,0.53,21,47,19,10,11,15,59,92,6.59,"Big",0.3187,"Big"
"340","Karl-Anthony Towns","Minnesota Timberwolves",25,"C",1688,50,0.54,0.39,0.86,133,396,225,39,57,160,186,1239,28.54,"Big",0.0115,"Big"
"341","Kawhi Leonard","Los Angeles Clippers",29,"SF",1771,52,0.56,0.4,0.88,55,282,269,81,21,105,82,1292,29.99,"Small",0.9668,"Small"
"342","Keita Bates-Diop","San Antonio Spurs",25,"SF",245,30,0.5,0.29,0.67,9,40,12,11,5,7,11,79,14.21,"Small",0.5766,"Small"
"343","Kelan Martin","Indiana Pacers",25,"SF",324,35,0.49,0.4,0.9,18,60,17,10,10,16,35,157,17.4,"Small",0.621,"Small"
"344","Keldon Johnson","San Antonio Spurs",21,"SF",1971,69,0.53,0.33,0.74,93,319,121,40,24,78,142,881,16.5,"Small",0.061,"Big"
"346","Kelly Olynyk","Houston Rockets",29,"C",838,27,0.64,0.39,0.84,43,185,112,39,16,71,84,513,26.87,"Big",0.7169,"Small"
"347","Kelly Olynyk","Miami Heat",29,"C",1159,43,0.64,0.32,0.78,44,217,91,40,26,55,123,432,14.63,"Big",0.3281,"Big"
"348","Kelly Oubre Jr.","Golden State Warriors",25,"SF",1688,55,0.52,0.32,0.69,82,247,73,57,42,70,121,849,17.17,"Small",0.2232,"Big"
"349","Kemba Walker","Boston Celtics",30,"PG",1368,43,0.49,0.36,0.9,16,154,212,48,12,88,61,829,21.27,"Small",0.9714,"Small"
"350","Kendrick Nunn","Miami Heat",25,"PG",1651,56,0.58,0.38,0.93,21,158,148,52,14,80,108,816,17.23,"Small",0.9668,"Small"
"351","Kenrich Williams","Oklahoma City Thunder",26,"PF",1428,66,0.57,0.44,0.57,84,189,152,55,17,76,143,526,16.49,"Big",0.764,"Small"
"352","Kent Bazemore","Golden State Warriors",31,"SF",1334,67,0.49,0.41,0.69,26,203,108,69,33,82,158,481,13.65,"Small",0.9461,"Small"
"353","Kentavious Caldwell-Pope","Los Angeles Lakers",27,"SG",1900,67,0.46,0.41,0.87,27,152,127,62,26,66,114,653,12.86,"Small",0.9682,"Small"
"354","Kenyon Martin Jr.","Houston Rockets",20,"SF",1066,45,0.57,0.36,0.71,73,169,48,30,41,38,89,419,17.45,"Small",0.0782,"Big"
"355","Kevin Durant","Brooklyn Nets",32,"PF",1157,35,0.58,0.45,0.88,13,234,195,25,45,120,70,943,31.75,"Big",0.4411,"Big"
"356","Kevin Huerter","Atlanta Hawks",22,"SG",2126,69,0.51,0.36,0.78,38,193,241,82,18,79,165,822,14.54,"Small",0.9894,"Small"
"357","Kevin Knox","New York Knicks",21,"SF",464,42,0.39,0.39,0.8,10,51,19,12,6,17,37,163,10.8,"Small",0.7524,"Small"
"358","Kevin Love","Cleveland Cavaliers",32,"PF",624,25,0.48,0.37,0.82,17,169,63,16,2,38,26,305,18.48,"Big",0.5005,"Small"
"359","Kevin Porter Jr.","Houston Rockets",25,"PF",838,26,0.51,0.31,0.73,20,79,164,19,8,91,61,431,16.07,"Big",0.869,"Small"
"360","Kevon Looney","Golden State Warriors",24,"C",1163,61,0.58,0.24,0.65,117,205,119,21,22,37,136,251,14.19,"Big",0.0122,"Big"
"361","Khem Birch","Orlando Magic",28,"C",954,48,0.48,0.19,0.74,117,126,53,32,28,23,67,255,15.72,"Big",0.0489,"Big"
"362","Khem Birch","Toronto Raptors",28,"C",577,19,0.61,0.29,0.64,57,87,36,16,22,21,46,227,19.42,"Big",0.1363,"Big"
"363","Khris Middleton","Milwaukee Bucks",29,"SF",2266,68,0.51,0.41,0.9,54,352,370,74,9,178,160,1385,22.61,"Small",0.982,"Small"
"365","Killian Hayes","Detroit Pistons",19,"PG",670,26,0.4,0.28,0.82,6,63,138,27,10,83,57,176,7.43,"Small",0.95,"Small"
"367","Kira Lewis Jr.","New Orleans Pelicans",19,"PG",907,54,0.41,0.33,0.84,12,59,124,38,10,34,88,343,12.92,"Small",0.9555,"Small"
"370","Kristaps Porziņģis","Dallas Mavericks",25,"C",1325,43,0.54,0.38,0.86,82,299,68,20,58,51,115,865,24.63,"Big",0.0035,"Big"
"371","Kyle Anderson","Memphis Grizzlies",27,"PF",1891,69,0.54,0.36,0.78,52,344,250,84,57,86,120,854,20.83,"Big",0.5723,"Small"
"372","Kyle Guy","Sacramento Kings",23,"PG",235,31,0.38,0.28,0.8,5,30,32,6,0,11,20,87,11.3,"Small",0.6852,"Small"
"373","Kyle Kuzma","Los Angeles Lakers",25,"SF",1953,68,0.53,0.36,0.69,108,309,127,35,41,113,121,874,15.55,"Small",0.0301,"Big"
"374","Kyle Lowry","Toronto Raptors",34,"PG",1604,46,0.49,0.4,0.88,35,212,338,45,14,126,143,791,19.98,"Small",0.9475,"Small"
"375","Kyrie Irving","Brooklyn Nets",28,"PG",1887,54,0.56,0.4,0.92,52,205,324,76,37,130,140,1451,29.4,"Small",0.9818,"Small"
"377","LaMarcus Aldridge","San Antonio Spurs",35,"C",542,21,0.51,0.36,0.84,17,77,36,8,18,20,36,288,18.24,"Big",0.381,"Big"
"378","LaMelo Ball","Charlotte Hornets",19,"PG",1466,51,0.49,0.35,0.76,63,239,313,81,18,145,136,803,21.75,"Small",0.9883,"Small"
"379","Lamar Stevens","Cleveland Cavaliers",23,"PF",501,40,0.52,0.16,0.73,24,72,25,17,13,23,53,165,12.43,"Big",0.3445,"Big"
"380","Landry Shamet","Brooklyn Nets",23,"SG",1396,61,0.46,0.39,0.85,11,101,99,31,10,48,93,567,13,"Small",0.9137,"Small"
"381","Langston Galloway","Phoenix Suns",29,"SG",436,40,0.48,0.42,0.96,7,35,26,8,0,13,25,190,14.59,"Small",0.8335,"Small"
"382","Larry Nance Jr.","Cleveland Cavaliers",28,"PF",1094,35,0.55,0.36,0.61,54,181,107,61,17,55,72,327,15.3,"Big",0.8536,"Small"
"383","Lauri Markkanen","Chicago Bulls",23,"PF",1318,51,0.58,0.4,0.83,35,233,45,26,15,52,75,695,18.6,"Big",0.2808,"Big"
"384","LeBron James","Los Angeles Lakers",36,"PG",1498,45,0.59,0.36,0.7,29,317,350,48,25,168,70,1126,29.34,"Small",0.8031,"Small"
"385","Lonnie Walker IV","San Antonio Spurs",25,"PF",1521,60,0.48,0.35,0.81,14,141,101,29,15,65,101,669,12.35,"Big",0.7922,"Small"
"386","Lonzo Ball","New Orleans Pelicans",23,"PG",1745,55,0.48,0.38,0.78,33,230,316,82,31,123,103,802,18.73,"Small",0.989,"Small"
"387","Lou Williams","Atlanta Hawks",34,"PG",503,24,0.37,0.44,0.87,6,44,81,8,2,42,20,239,13.8,"Small",0.8895,"Small"
"388","Lou Williams","Los Angeles Clippers",34,"PG",915,42,0.44,0.38,0.87,15,73,144,39,4,66,42,510,18.86,"Small",0.9824,"Small"
"390","Luguentz Dort","Oklahoma City Thunder",21,"SG",1548,52,0.43,0.34,0.74,38,151,88,45,19,79,134,729,12.89,"Small",0.8644,"Small"
"391","Luka Dončić","Dallas Mavericks",21,"PG",2261,66,0.57,0.35,0.73,54,473,567,64,36,281,152,1830,29.78,"Small",0.8375,"Small"
"392","Luka Šamanić","San Antonio Spurs",21,"PF",311,33,0.56,0.28,0.55,16,52,15,8,8,20,43,122,11.94,"Big",0.3841,"Big"
"393","Luke Kennard","Los Angeles Clippers",24,"SG",1230,63,0.51,0.45,0.84,15,146,104,23,9,48,91,520,15.04,"Small",0.7701,"Small"
"396","Malachi Flynn","Toronto Raptors",22,"PG",927,47,0.42,0.32,0.8,10,106,137,38,7,43,68,353,13.79,"Small",0.933,"Small"
"397","Malcolm Brogdon","Indiana Pacers",28,"PG",1933,56,0.49,0.39,0.86,58,236,329,49,15,115,110,1186,22.57,"Small",0.8776,"Small"
"398","Malik Beasley","Minnesota Timberwolves",24,"SG",1213,37,0.49,0.4,0.85,28,134,88,30,7,60,62,724,18.79,"Small",0.8521,"Small"
"400","Malik Monk","Charlotte Hornets",22,"SG",880,42,0.47,0.4,0.82,14,87,87,19,4,55,47,490,17.23,"Small",0.8731,"Small"
"402","Marc Gasol","Los Angeles Lakers",36,"C",993,52,0.53,0.41,0.72,38,177,109,26,58,53,115,262,14.21,"Big",0.0934,"Big"
"403","Marcus Morris","Los Angeles Clippers",31,"PF",1502,57,0.47,0.47,0.82,35,199,58,34,15,57,117,765,17.07,"Big",0.6768,"Small"
"404","Marcus Smart","Boston Celtics",26,"PG",1580,48,0.48,0.33,0.79,36,131,273,72,23,96,126,627,16.32,"Small",0.9912,"Small"
"406","Markieff Morris","Los Angeles Lakers",31,"PF",1201,61,0.52,0.31,0.72,48,218,73,22,19,54,105,407,11.6,"Big",0.1213,"Big"
"410","Marvin Bagley III","Sacramento Kings",21,"PF",1111,43,0.55,0.34,0.57,106,212,43,21,21,59,100,608,19.71,"Big",0.0286,"Big"
"411","Mason Jones","Houston Rockets",22,"SG",308,26,0.48,0.36,0.61,4,47,39,6,1,28,22,152,14.53,"Small",0.6883,"Small"
"413","Mason Plumlee","Detroit Pistons",30,"C",1497,56,0.63,0,0.67,145,374,202,43,50,105,186,581,21.46,"Big",0.001,"Big"
"414","Matisse Thybulle","Philadelphia 76ers",23,"SG",1297,65,0.59,0.3,0.44,30,94,63,105,71,32,127,255,11.5,"Small",0.969,"Small"
"419","Maurice Harkless","Sacramento Kings",27,"SF",650,26,0.58,0.25,0.8,11,65,37,28,16,19,72,179,10.63,"Small",0.7106,"Small"
"420","Max Strus","Miami Heat",24,"SF",508,39,0.9,0.34,0.67,5,36,24,11,2,8,43,236,14.84,"Small",0.6094,"Small"
"421","Maxi Kleber","Dallas Mavericks",29,"PF",1339,50,0.46,0.41,0.92,47,213,68,24,35,30,105,353,12.21,"Big",0.1045,"Big"
"425","Michael Carter-Williams","Orlando Magic",29,"SG",801,31,0.43,0.25,0.61,39,100,129,25,17,69,81,274,11.71,"Small",0.5853,"Small"
"426","Michael Porter Jr.","Denver Nuggets",22,"SF",1918,61,0.63,0.45,0.79,91,354,70,40,54,77,126,1162,23.86,"Small",0.0137,"Big"
"427","Mikal Bridges","Phoenix Suns",24,"SF",2353,72,0.65,0.43,0.84,76,233,152,76,63,57,116,970,18.72,"Small",0.5113,"Small"
"428","Mike Conley","Utah Jazz",33,"PG",1495,51,0.48,0.41,0.85,36,141,305,70,9,99,98,827,22.74,"Small",0.9965,"Small"
"430","Mike Muscala","Oklahoma City Thunder",29,"C",648,35,0.61,0.37,0.92,19,113,28,8,11,21,54,339,17.91,"Big",0.3417,"Big"
"431","Mike Scott","Philadelphia 76ers",32,"PF",851,51,0.41,0.34,0.67,11,109,40,24,14,19,72,213,8.55,"Big",0.6032,"Small"
"432","Miles Bridges","Charlotte Hornets",22,"PF",1935,66,0.59,0.4,0.87,81,316,147,44,52,106,143,840,17.69,"Big",0.078,"Big"
"433","Mitchell Robinson","New York Knicks",22,"C",852,31,0.65,0,0.49,113,139,17,35,45,26,86,256,18.78,"Big",0.0062,"Big"
"434","Miye Oni","Utah Jazz",23,"SG",521,54,0.45,0.34,0.83,23,61,28,11,8,16,61,105,7.74,"Small",0.5551,"Small"
"435","Mo Bamba","Orlando Magic",22,"C",723,46,0.57,0.32,0.68,76,189,35,14,58,36,87,367,22.39,"Big",0.0052,"Big"
"436","Monte Morris","Denver Nuggets",25,"PG",1197,47,0.53,0.38,0.79,11,85,150,34,13,34,48,481,16.48,"Small",0.9082,"Small"
"437","Montrezl Harrell","Los Angeles Lakers",27,"C",1580,69,0.63,0,0.71,158,270,73,46,49,74,128,931,26.05,"Big",0.0022,"Big"
"440","Moritz Wagner","Washington Wizards",23,"C",374,25,0.61,0.31,0.79,13,60,32,22,8,21,62,178,19.12,"Big",0.7488,"Small"
"441","Moses Brown","Oklahoma City Thunder",21,"C",920,43,0.54,0,0.62,154,229,10,31,47,43,93,370,21.52,"Big",7e-04,"Big"
"442","Mychal Mulder","Golden State Warriors",26,"PG",765,60,0.67,0.4,0.64,8,52,26,12,12,16,56,337,13.95,"Small",0.5849,"Small"
"443","Myles Turner","Indiana Pacers",24,"C",1456,47,0.61,0.33,0.78,63,243,48,40,159,67,165,592,18.3,"Big",4e-04,"Big"
"444","Naji Marshall","New Orleans Pelicans",23,"SF",698,32,0.42,0.35,0.71,15,133,88,26,10,38,58,246,14.26,"Small",0.6979,"Small"
"445","Nassir Little","Portland Trail Blazers",20,"PF",644,48,0.57,0.35,0.8,32,96,23,5,13,18,51,220,13.3,"Big",0.2069,"Big"
"448","Nathan Knight","Atlanta Hawks",23,"PF",280,33,0.46,0.18,0.8,27,45,8,9,10,15,22,124,16.24,"Big",0.3272,"Big"
"449","Naz Reid","Minnesota Timberwolves",21,"C",1348,70,0.6,0.35,0.69,82,240,72,34,76,69,179,784,22.28,"Big",0.0094,"Big"
"451","Nemanja Bjelica","Sacramento Kings",32,"PF",442,26,0.57,0.29,0.76,24,76,49,8,2,28,48,187,15.53,"Big",0.4555,"Big"
"452","Nerlens Noel","New York Knicks",26,"C",1543,64,0.62,0,0.71,142,266,46,70,141,65,176,324,15.67,"Big",2e-04,"Big"
"453","Nic Claxton","Brooklyn Nets",25,"PF",597,32,0.64,0.2,0.48,43,123,28,23,40,18,68,212,19.35,"Big",0.0422,"Big"
"455","Nickeil Alexander-Walker","New Orleans Pelicans",22,"SG",1008,46,0.49,0.35,0.73,13,131,102,47,22,69,88,508,15.9,"Small",0.9282,"Small"
"456","Nico Mannion","Golden State Warriors",19,"PG",360,30,0.31,0.37,0.82,6,40,70,16,1,31,29,123,12.53,"Small",0.9084,"Small"
"457","Nicolas Batum","Los Angeles Clippers",32,"SF",1834,67,0.58,0.4,0.83,50,266,148,69,37,53,102,540,14.75,"Small",0.6781,"Small"
"458","Nicolò Melli","Dallas Mavericks",30,"PF",322,23,0.44,0.33,0.72,17,48,19,5,2,5,30,91,11.17,"Big",0.4893,"Big"
"459","Nicolò Melli","New Orleans Pelicans",30,"PF",243,22,0.36,0.19,0.86,12,45,25,9,1,7,28,43,7.62,"Big",0.5501,"Small"
"460","Nikola Jokić","Denver Nuggets",25,"C",2488,72,0.61,0.39,0.87,205,575,599,95,48,222,192,1898,36.03,"Big",0.0934,"Big"
"461","Nikola Vučević","Chicago Bulls",30,"C",847,26,0.51,0.39,0.87,59,241,102,23,20,43,58,559,26.63,"Big",0.1072,"Big"
"462","Nikola Vučević","Orlando Magic",30,"C",1499,44,0.51,0.41,0.83,87,430,167,42,28,83,79,1080,27.99,"Big",0.0265,"Big"
"464","Norman Powell","Portland Trail Blazers",27,"SG",928,27,0.5,0.36,0.88,23,66,52,35,10,42,62,460,16.46,"Small",0.9313,"Small"
"465","Norman Powell","Toronto Raptors",27,"SG",1278,42,0.55,0.44,0.87,19,107,77,47,8,77,98,823,21.42,"Small",0.9842,"Small"
"469","OG Anunoby","Toronto Raptors",23,"SF",1435,43,0.56,0.4,0.78,54,183,94,66,32,75,114,682,18.38,"Small",0.8974,"Small"
"470","Obi Toppin","New York Knicks",22,"PF",685,62,0.63,0.31,0.73,26,112,29,17,15,23,55,253,14.46,"Big",0.3058,"Big"
"471","Onyeka Okongwu","Atlanta Hawks",20,"C",599,50,0.66,0,0.63,62,101,18,23,33,29,100,228,18.74,"Big",0.032,"Big"
"472","Oshae Brissett","Indiana Pacers",25,"PF",521,21,0.55,0.42,0.77,29,86,18,19,20,10,32,229,20.55,"Big",0.4491,"Big"
"473","Otto Porter Jr.","Chicago Bulls",25,"PF",538,25,0.48,0.4,0.84,28,110,50,12,4,25,37,247,18.19,"Big",0.5257,"Small"
"475","P.J. Tucker","Houston Rockets",35,"PF",959,32,0.47,0.31,0.78,33,115,45,29,18,33,91,141,6.76,"Big",0.5597,"Small"
"476","P.J. Tucker","Milwaukee Bucks",35,"PF",396,20,0.38,0.39,0.6,18,38,16,10,2,7,34,52,6.81,"Big",0.6622,"Small"
"477","P.J. Washington","Charlotte Hornets",22,"PF",1955,64,0.48,0.39,0.74,93,325,161,69,79,128,171,824,16.37,"Big",0.1288,"Big"
"478","PJ Dozier","Denver Nuggets",24,"SG",1088,50,0.49,0.32,0.64,35,147,92,31,22,46,86,385,12.7,"Small",0.4496,"Big"
"479","Pascal Siakam","Toronto Raptors",26,"PF",2006,56,0.51,0.3,0.83,95,310,250,64,37,130,174,1196,21.57,"Big",0.4502,"Big"
"480","Pat Connaughton","Milwaukee Bucks",28,"SG",1578,69,0.58,0.37,0.78,63,269,81,49,23,33,99,468,13.72,"Small",0.2317,"Big"
"481","Patrick Beverley","Los Angeles Clippers",32,"PG",833,37,0.47,0.4,0.8,29,90,76,29,28,34,108,278,13.79,"Small",0.6701,"Small"
"483","Patrick Patterson","Los Angeles Clippers",31,"PF",582,38,0.6,0.36,0.76,19,56,29,14,8,11,45,197,12.74,"Big",0.5907,"Small"
"484","Patrick Williams","Chicago Bulls",19,"PF",1982,71,0.52,0.39,0.73,66,261,99,64,46,98,126,655,12.74,"Big",0.5551,"Small"
"485","Patty Mills","San Antonio Spurs",32,"PG",1683,68,0.5,0.38,0.91,18,98,162,42,3,66,81,736,14.44,"Small",0.98,"Small"
"486","Paul George","Los Angeles Clippers",30,"SF",1825,54,0.51,0.41,0.87,45,314,280,62,24,179,132,1259,24.28,"Small",0.9488,"Small"
"487","Paul Millsap","Denver Nuggets",35,"PF",1166,56,0.55,0.34,0.72,76,186,98,51,36,51,111,502,18.97,"Big",0.3553,"Big"
"489","Paul Watson","Toronto Raptors",26,"SF",294,27,0.44,0.47,0.62,4,41,17,6,3,9,36,111,13.45,"Small",0.7223,"Small"
"490","Payton Pritchard","Boston Celtics",23,"SG",1265,66,0.48,0.41,0.89,33,125,120,37,9,53,104,510,14.77,"Small",0.9056,"Small"
"491","Precious Achiuwa","Miami Heat",21,"PF",737,61,0.55,0,0.51,73,135,29,20,28,43,91,304,16.64,"Big",0.0187,"Big"
"495","R.J. Hampton","Denver Nuggets",19,"PG",233,25,0.48,0.28,0.75,10,40,14,5,2,11,22,64,9.61,"Small",0.5307,"Small"
"496","R.J. Hampton","Orlando Magic",19,"PG",658,26,0.48,0.32,0.66,19,110,73,16,8,42,39,290,15.07,"Small",0.5389,"Small"
"497","RJ Barrett","New York Knicks",20,"SG",2511,72,0.46,0.4,0.75,68,346,217,53,20,139,188,1264,15.83,"Small",0.5919,"Small"
"498","Rajon Rondo","Atlanta Hawks",34,"PG",403,27,0.42,0.38,0.5,4,51,95,19,2,39,25,106,12.09,"Small",0.8809,"Small"
"500","Raul Neto","Washington Wizards",28,"PG",1403,64,0.51,0.39,0.88,28,128,146,73,6,53,109,557,16.21,"Small",0.995,"Small"
"503","Reggie Bullock","New York Knicks",29,"SF",1949,65,0.52,0.41,0.91,16,207,99,52,11,45,146,709,12.89,"Small",0.9143,"Small"
"504","Reggie Jackson","Los Angeles Clippers",30,"SG",1544,67,0.47,0.43,0.82,24,168,205,41,7,74,127,715,16.81,"Small",0.9404,"Small"
"506","Richaun Holmes","Sacramento Kings",27,"C",1781,61,0.65,0.18,0.79,144,360,101,39,96,75,213,869,23.35,"Big",1e-04,"Big"
"507","Ricky Rubio","Minnesota Timberwolves",30,"PG",1769,68,0.45,0.31,0.87,28,195,433,98,4,111,139,582,16.83,"Small",0.9995,"Small"
"508","Robert Covington","Portland Trail Blazers",30,"PF",2241,70,0.45,0.38,0.81,61,405,117,101,84,64,195,593,12.94,"Big",0.2392,"Big"
"510","Robert Williams","Boston Celtics",23,"C",986,52,0.73,0,0.62,133,225,94,43,91,52,105,417,28.16,"Big",4e-04,"Big"
"512","Robin Lopez","Washington Wizards",32,"C",1356,71,0.65,0.28,0.72,141,131,55,15,44,75,109,642,19.99,"Big",0.0098,"Big"
"516","Rodney Hood","Portland Trail Blazers",28,"SF",726,38,0.41,0.3,0.75,18,55,47,20,4,31,59,180,6.34,"Small",0.802,"Small"
"521","Royce O'Neale","Utah Jazz",27,"SF",2243,71,0.59,0.38,0.85,88,397,181,57,32,83,182,496,11.58,"Small",0.0911,"Big"
"522","Rudy Gay","San Antonio Spurs",34,"PF",1356,63,0.45,0.38,0.8,42,261,88,45,40,65,115,716,17.99,"Big",0.283,"Big"
"523","Rudy Gobert","Utah Jazz",28,"C",2185,71,0.68,0,0.62,240,720,89,40,190,118,163,1015,26.47,"Big",0,"Big"
"524","Rui Hachimura","Washington Wizards",22,"PF",1792,57,0.52,0.33,0.77,49,263,82,44,7,68,120,789,14.69,"Big",0.5328,"Small"
"525","Russell Westbrook","Washington Wizards",32,"PG",2370,65,0.47,0.32,0.66,109,641,763,89,23,312,190,1445,25.15,"Small",0.7683,"Small"
"526","Ryan Arcidiacono","Chicago Bulls",26,"PG",452,44,0.48,0.37,0.65,5,62,56,9,0,10,47,136,12.16,"Small",0.6531,"Small"
"527","Saben Lee","Detroit Pistons",21,"PG",780,48,0.49,0.35,0.69,20,77,174,32,13,55,76,267,16.38,"Small",0.9014,"Small"
"528","Saddiq Bey","Detroit Pistons",21,"SF",1911,70,0.45,0.38,0.84,43,275,95,52,14,60,110,857,15.43,"Small",0.6614,"Small"
"529","Sam Merrill","Milwaukee Bucks",24,"SG",233,30,0.44,0.45,1,6,24,21,8,1,10,17,89,14.64,"Small",0.8727,"Small"
"531","Sekou Doumbouya","Detroit Pistons",20,"PF",866,56,0.49,0.23,0.7,39,104,47,24,9,44,94,285,8.95,"Big",0.5018,"Small"
"532","Semi Ojeleye","Boston Celtics",26,"PF",948,56,0.49,0.37,0.75,31,116,37,17,0,21,56,260,9.98,"Big",0.5426,"Small"
"533","Serge Ibaka","Los Angeles Clippers",31,"C",955,41,0.59,0.34,0.81,73,202,74,9,47,44,76,454,20.78,"Big",0.0085,"Big"
"534","Seth Curry","Philadelphia 76ers",30,"SG",1638,57,0.49,0.45,0.9,10,126,155,44,8,65,96,711,15.5,"Small",0.9794,"Small"
"535","Shai Gilgeous-Alexander","Oklahoma City Thunder",22,"SG",1178,35,0.55,0.42,0.81,19,147,207,27,23,106,70,830,26.1,"Small",0.8476,"Small"
"536","Shake Milton","Philadelphia 76ers",24,"SG",1465,63,0.49,0.35,0.83,33,115,193,39,18,103,130,817,17.75,"Small",0.9414,"Small"
"541","Skylar Mays","Atlanta Hawks",23,"SG",271,33,0.52,0.35,0.88,10,25,30,14,2,9,15,124,19.37,"Small",0.8213,"Small"
"542","Solomon Hill","Atlanta Hawks",29,"PF",1514,71,0.45,0.32,0.76,42,172,75,50,11,42,116,317,8.12,"Big",0.8118,"Small"
"544","Stanley Johnson","Toronto Raptors",24,"PF",1005,61,0.46,0.33,0.8,29,124,89,52,18,54,116,267,10.77,"Big",0.9331,"Small"
"545","Stephen Curry","Golden State Warriors",32,"PG",2152,63,0.57,0.42,0.92,29,316,363,77,8,213,119,2015,33.4,"Small",0.9977,"Small"
"546","Sterling Brown","Houston Rockets",25,"SG",1227,51,0.49,0.42,0.81,38,186,72,38,12,41,97,416,13.66,"Small",0.6885,"Small"
"547","Steven Adams","New Orleans Pelicans",27,"C",1606,58,0.62,0,0.44,213,301,111,54,38,78,113,438,17.28,"Big",0.001,"Big"
"548","Svi Mykhailiuk","Detroit Pistons",25,"PF",636,36,0.52,0.33,0.8,11,63,57,27,6,39,33,249,12.7,"Big",0.8972,"Small"
"549","Svi Mykhailiuk","Oklahoma City Thunder",25,"PF",689,30,0.54,0.34,0.7,13,76,53,24,6,49,30,310,13.47,"Big",0.8502,"Small"
"551","T.J. McConnell","Indiana Pacers",28,"PG",1796,69,0.59,0.31,0.69,55,201,456,128,23,135,113,596,20.38,"Small",0.9998,"Small"
"554","Taj Gibson","New York Knicks",35,"PF",937,45,0.67,0.2,0.73,99,151,36,31,49,22,99,241,17.05,"Big",0.0141,"Big"
"555","Talen Horton-Tucker","Los Angeles Lakers",20,"SG",1301,65,0.52,0.28,0.78,25,144,181,63,21,105,127,585,15.86,"Small",0.9805,"Small"
"557","Taurean Prince","Cleveland Cavaliers",26,"PF",685,29,0.39,0.42,0.84,17,91,69,20,15,36,54,292,14.91,"Big",0.7619,"Small"
"558","Terance Mann","Los Angeles Clippers",24,"SG",1265,67,0.54,0.42,0.83,56,186,104,29,13,40,126,472,15.92,"Small",0.3992,"Big"
"559","Terence Davis","Sacramento Kings",23,"SG",583,27,0.53,0.37,0.78,11,77,46,27,7,34,49,299,17.28,"Small",0.8744,"Small"
"560","Terence Davis","Toronto Raptors",23,"SG",495,34,0.49,0.36,0.89,9,57,37,17,7,29,48,234,13.98,"Small",0.8232,"Small"
"562","Terrence Ross","Orlando Magic",29,"SG",1345,46,0.47,0.34,0.87,15,143,108,47,21,74,88,717,16.2,"Small",0.9352,"Small"
"563","Terry Rozier","Charlotte Hornets",26,"SG",2382,69,0.51,0.39,0.82,47,255,293,87,26,128,119,1407,21.14,"Small",0.9898,"Small"
"564","Thaddeus Young","Chicago Bulls",32,"PF",1654,68,0.58,0.27,0.63,168,255,291,74,40,137,152,823,23.84,"Big",0.3121,"Big"
"565","Thanasis Antetokounmpo","Milwaukee Bucks",28,"SF",553,57,0.56,0.24,0.51,54,70,46,22,10,43,74,166,12.29,"Small",0.4036,"Big"
"569","Théo Maledon","Oklahoma City Thunder",19,"PG",1773,65,0.4,0.34,0.75,25,186,227,56,11,141,126,658,10.7,"Small",0.9867,"Small"
"571","Tim Hardaway Jr.","Dallas Mavericks",28,"SG",1984,70,0.52,0.39,0.82,20,209,126,31,11,64,111,1163,18.6,"Small",0.6709,"Small"
"572","Timothé Luwawu-Cabarrot","Brooklyn Nets",25,"SF",1051,58,0.47,0.31,0.81,28,101,69,33,6,43,99,370,10.13,"Small",0.8517,"Small"
"573","Tobias Harris","Philadelphia 76ers",28,"PF",2015,62,0.55,0.39,0.89,62,357,220,55,51,107,119,1210,23.7,"Big",0.176,"Big"
"574","Tomáš Satoranský","Chicago Bulls",29,"SG",1310,58,0.6,0.36,0.85,30,112,271,40,14,96,89,447,16.44,"Small",0.9572,"Small"
"575","Tony Bradley","Oklahoma City Thunder",23,"C",399,22,0.67,0,0.7,46,89,20,9,17,27,33,191,23.44,"Big",0.0421,"Big"
"576","Tony Bradley","Philadelphia 76ers",23,"C",287,20,0.69,0,0.64,39,65,17,6,13,6,28,109,23.66,"Big",0.0412,"Big"
"577","Tony Snell","Atlanta Hawks",29,"SG",992,47,0.42,0.57,1,18,94,59,13,11,21,75,249,10.96,"Small",0.7898,"Small"
"579","Torrey Craig","Phoenix Suns",30,"SF",603,32,0.62,0.37,0.8,44,110,33,19,19,20,59,229,17.79,"Small",0.285,"Big"
"580","Trae Young","Atlanta Hawks",22,"PG",2124,63,0.49,0.34,0.89,38,207,594,53,12,261,111,1594,27.45,"Small",0.998,"Small"
"581","Tre Jones","San Antonio Spurs",21,"PG",269,37,0.47,0.6,0.89,8,13,39,8,0,13,13,94,14.3,"Small",0.9341,"Small"
"582","Tremont Waters","Boston Celtics",23,"PG",237,26,0.41,0.39,0.94,5,16,62,15,1,27,17,99,17.51,"Small",0.9354,"Small"
"583","Trent Forrest","Utah Jazz",22,"PG",301,30,0.6,0.19,1,11,33,45,9,4,21,22,88,13.22,"Small",0.6209,"Small"
"584","Trevor Ariza","Miami Heat",25,"PF",841,30,0.5,0.35,0.77,27,117,55,31,18,21,55,282,14.16,"Big",0.6083,"Small"
"585","Trey Burke","Dallas Mavericks",28,"PG",917,62,0.49,0.35,0.89,10,44,81,36,7,33,64,411,14.73,"Small",0.9654,"Small"
"586","Trey Lyles","San Antonio Spurs",25,"PF",357,23,0.58,0.35,0.65,9,77,14,6,1,6,13,115,13.74,"Big",0.424,"Big"
"587","Tristan Thompson","Boston Celtics",29,"PF",1288,54,0.52,0,0.59,169,270,67,24,33,62,119,409,16.17,"Big",5e-04,"Big"
"589","Troy Brown Jr.","Washington Wizards",21,"SF",284,21,0.44,0.3,0.67,11,50,19,3,4,16,29,90,8.86,"Small",0.4508,"Big"
"590","Ty Jerome","Oklahoma City Thunder",25,"PF",788,33,0.48,0.42,0.76,10,81,120,20,6,47,61,353,16.46,"Big",0.8789,"Small"
"594","Tyler Cook","Detroit Pistons",25,"PF",420,28,0.68,0.5,0.49,27,66,15,8,2,20,33,154,15.45,"Big",0.5325,"Small"
"595","Tyler Herro","Miami Heat",21,"SG",1631,54,0.5,0.36,0.8,25,243,184,35,17,101,71,815,16.75,"Small",0.6751,"Small"
"596","Tyler Johnson","Brooklyn Nets",28,"SG",685,39,0.47,0.36,0.86,6,71,47,14,0,17,43,210,10.38,"Small",0.7817,"Small"
"598","Tyrese Haliburton","Sacramento Kings",20,"PG",1745,58,0.53,0.41,0.86,39,134,309,77,28,92,83,753,19.31,"Small",0.9942,"Small"
"599","Tyrese Maxey","Philadelphia 76ers",20,"SG",940,61,0.51,0.3,0.87,11,93,120,26,13,41,79,488,17.6,"Small",0.8015,"Small"
"600","Tyus Jones","Memphis Grizzlies",24,"PG",1225,70,0.49,0.32,0.91,21,119,259,64,6,48,31,442,18.26,"Small",0.9907,"Small"
"604","Victor Oladipo","Houston Rockets",28,"SG",669,20,0.46,0.32,0.78,8,87,99,24,10,51,45,424,19.24,"Small",0.8467,"Small"
"608","Vlatko Čančar","Denver Nuggets",23,"PF",282,41,0.62,0.27,0.77,11,39,14,11,2,14,18,85,11.63,"Big",0.6196,"Small"
"609","Wayne Ellington","Detroit Pistons",33,"SG",1013,46,0.52,0.42,0.8,12,73,67,18,9,33,59,442,14.77,"Small",0.8067,"Small"
"610","Wendell Carter Jr.","Chicago Bulls",21,"C",792,32,0.53,0.36,0.74,70,180,69,18,24,49,96,348,19.37,"Big",0.086,"Big"
"611","Wendell Carter Jr.","Orlando Magic",21,"C",583,22,0.53,0.24,0.72,62,131,35,17,18,29,50,258,19.98,"Big",0.0984,"Big"
"612","Wenyen Gabriel","New Orleans Pelicans",23,"PF",242,21,0.39,0.41,0.65,20,34,11,9,8,15,32,72,11.67,"Big",0.6461,"Small"
"613","Wes Iwundu","Dallas Mavericks",25,"PF",288,23,0.48,0.13,0.86,6,38,10,9,3,6,26,49,6.04,"Big",0.4776,"Big"
"615","Wesley Matthews","Los Angeles Lakers",34,"SG",1133,58,0.42,0.34,0.85,20,73,54,38,17,26,80,279,8.7,"Small",0.8935,"Small"
"616","Will Barton","Denver Nuggets",30,"SF",1737,56,0.46,0.38,0.79,39,187,181,50,23,96,95,711,14.35,"Small",0.8969,"Small"
"618","Willie Cauley-Stein","Dallas Mavericks",27,"C",904,53,0.67,0.09,0.63,66,170,35,21,43,29,129,280,15.88,"Big",0.0084,"Big"
"619","Willy Hernangómez","New Orleans Pelicans",26,"C",845,47,0.58,0.1,0.67,117,217,50,22,23,34,68,365,22.86,"Big",0.005,"Big"
"620","Xavier Tillman Sr.","Memphis Grizzlies",22,"PF",1086,59,0.62,0.34,0.64,74,182,75,44,33,45,116,390,17.45,"Big",0.2242,"Big"
"623","Yuta Watanabe","Toronto Raptors",26,"SF",722,50,0.48,0.4,0.83,36,123,40,26,19,19,57,218,14.5,"Small",0.4909,"Big"
"624","Zach LaVine","Chicago Bulls",25,"SG",2036,58,0.57,0.42,0.85,36,253,282,46,27,203,138,1591,26.33,"Small",0.9526,"Small"
"625","Zeke Nnaji","Denver Nuggets",20,"PF",397,42,0.58,0.41,0.8,14,51,10,8,4,7,29,136,13.3,"Big",0.6183,"Small"
"626","Zion Williamson","New Orleans Pelicans",20,"PF",2026,61,0.62,0.29,0.7,167,274,226,57,39,167,135,1647,32.06,"Big",0.1477,"Big"
